key,catID,catName,catSlug,sku,name,price,desc,@img,imgGit,proSlug,download,imgur
1,cat01,Wedding,../all-products.html?#cat01,BP-WB01,Vietnam wedding bouquet,88,Vietnam wedding bouquet - SKU: BP-WB01,uploads/img/wedding/BP-WB01.jpg,https://raw.githubusercontent.com/tannht/BloomingPetals/main/download/product1.pdf,product-details/BP-WB01.html,download/product1.pdf,https://i.imgur.com/kX6lT0x.jpg
2,cat01,Wedding,../all-products.html?#cat01,BP-WB02,Vietnam wedding bouquet delivery same day,80,Vietnam wedding bouquet delivery same day - SKU: BP-WB02,uploads/img/wedding/BP-WB02.jpg,https://raw.githubusercontent.com/tannht/BloomingPetals/main/download/product2.pdf,product-details/BP-WB02.html,download/product2.pdf,https://i.imgur.com/QKqW0zR.jpg
3,cat01,Wedding,../all-products.html?#cat01,BP-WB03,Vietnam wedding bouquet pink roses,69,Vietnam wedding bouquet pink roses - SKU: BP-WB03,uploads/img/wedding/BP-WB03.jpg,https://raw.githubusercontent.com/tannht/BloomingPetals/main/download/product3.pdf,product-details/BP-WB03.html,download/product3.pdf,https://i.imgur.com/ag6XL0Q.jpg
4,cat01,Wedding,../all-products.html?#cat01,BP-WB04,Vietnam wedding bouquet beautifu,70,Vietnam wedding bouquet beautifu - SKU: BP-WB04,uploads/img/wedding/BP-WB04.jpg,https://raw.githubusercontent.com/tannht/BloomingPetals/main/download/product4.pdf,product-details/BP-WB04.html,download/product4.pdf,https://i.imgur.com/77gd1M7.jpg
5,cat01,Wedding,../all-products.html?#cat01,BP-WB05,White Flowers Wedding Bouquet,102,White Flowers Wedding Bouquet - SKU: BP-WB05,uploads/img/wedding/BP-WB05.jpg,https://raw.githubusercontent.com/tannht/BloomingPetals/main/download/product5.pdf,product-details/BP-WB05.html,download/product5.pdf,https://i.imgur.com/Lit1VwZ.jpg
6,cat01,Wedding,../all-products.html?#cat01,BP-WB06,Wedding bouquet Red and White Roses,70,Wedding bouquet Red and White Roses - SKU: BP-WB06,uploads/img/wedding/BP-WB06.jpg,https://raw.githubusercontent.com/tannht/BloomingPetals/main/download/product6.pdf,product-details/BP-WB06.html,download/product6.pdf,https://i.imgur.com/qyX91Ax.jpg
7,cat02,Valentine's day,../all-products.html?#cat02,BP-VALEN01,Send love flowers online to Vietnam,99,Send love flowers online to Vietnam - SKU: BP-VALEN01,uploads/img/valentine/BP-VALEN01.jpg,https://raw.githubusercontent.com/tannht/BloomingPetals/main/download/product7.pdf,product-details/BP-VALEN01.html,download/product7.pdf,https://i.imgur.com/rOR9XgY.jpg
8,cat02,Valentine's day,../all-products.html?#cat02,BP-VALEN02,Love flowers free deliver to Vietnam,115,Love flowers free deliver to Vietnam - SKU: BP-VALEN02,uploads/img/valentine/BP-VALEN02.jpg,https://raw.githubusercontent.com/tannht/BloomingPetals/main/download/product8.pdf,product-details/BP-VALEN02.html,download/product8.pdf,https://i.imgur.com/VzJsKX4.jpg
9,cat02,Valentine's day,../all-products.html?#cat02,BP-VALEN03,Yellow roses delivery in Vietnam,179,Yellow roses delivery in Vietnam - SKU: BP-VALEN03,uploads/img/valentine/BP-VALEN03.jpg,https://raw.githubusercontent.com/tannht/BloomingPetals/main/download/product9.pdf,product-details/BP-VALEN03.html,download/product9.pdf,https://i.imgur.com/3yGBc3Y.jpg
10,cat02,Valentine's day,../all-products.html?#cat02,BP-VALEN04,Love flowers free shipping in Vietnam,101,Love flowers free shipping in Vietnam - SKU: BP-VALEN04,uploads/img/valentine/BP-VALEN04.jpg,https://raw.githubusercontent.com/tannht/BloomingPetals/main/download/product10.pdf,product-details/BP-VALEN04.html,download/product10.pdf,https://i.imgur.com/I8YvNzL.jpg
11,cat02,Valentine's day,../all-products.html?#cat02,BP-VALEN05,Pink roses bouquet same day delivery,174,Pink roses bouquet same day delivery - SKU: BP-VALEN05,uploads/img/valentine/BP-VALEN05.jpg,https://raw.githubusercontent.com/tannht/BloomingPetals/main/download/product11.pdf,product-details/BP-VALEN05.html,download/product11.pdf,https://i.imgur.com/BfrmkCs.jpg
12,cat02,Valentine's day,../all-products.html?#cat02,BP-VALEN06,Love flowers for girlfriend in Vietnam,138,Love flowers for girlfriend in Vietnam - SKU: BP-VALEN09,uploads/img/valentine/BP-VALEN06.jpg,https://raw.githubusercontent.com/tannht/BloomingPetals/main/download/product12.pdf,product-details/BP-VALEN06.html,download/product12.pdf,https://i.imgur.com/70qQqpD.jpg
13,cat03,Birthday,../all-products.html?#cat03,BP-BIRTH01,Flowers for birthday in Vietnam,133,Flowers for birthday in Vietnam - SKU: BP-BIRTH01,uploads/img/birthday/BP-BIRTH01.jpg,https://raw.githubusercontent.com/tannht/BloomingPetals/main/download/product13.pdf,product-details/BP-BIRTH01.html,download/product13.pdf,https://i.imgur.com/cx4YC8T.jpg
14,cat03,Birthday,../all-products.html?#cat03,BP-BIRTH02,Happy birthday flowers for your love,99,Happy birthday flowers for your love - SKU: BP-BIRTH02,uploads/img/birthday/BP-BIRTH02.jpg,https://raw.githubusercontent.com/tannht/BloomingPetals/main/download/product14.pdf,product-details/BP-BIRTH02.html,download/product14.pdf,https://i.imgur.com/MuArtyW.jpg
15,cat03,Birthday,../all-products.html?#cat03,BP-BIRTH03,Send sunflower basket to birthday in Vietnam,101,Send sunflower basket to birthday in Vietnam - SKU: BP-BIRTH03,uploads/img/birthday/BP-BIRTH03.jpg,https://raw.githubusercontent.com/tannht/BloomingPetals/main/download/product15.pdf,product-details/BP-BIRTH03.html,download/product15.pdf,https://i.imgur.com/qEWJ7Bs.jpg
16,cat03,Birthday,../all-products.html?#cat03,BP-BIRTH04,Vietnam birthday flowers with red roses basket,89,Vietnam birthday flowers with red roses basket - SKU: BP-BIRTH04,uploads/img/birthday/BP-BIRTH04.jpg,https://raw.githubusercontent.com/tannht/BloomingPetals/main/download/product16.pdf,product-details/BP-BIRTH04.html,download/product16.pdf,https://i.imgur.com/uJxbJep.jpg
17,cat03,Birthday,../all-products.html?#cat03,BP-BIRTH05,Birthday flowers love in Hochiminh,121,Birthday flowers love in Hochiminh - SKU: BP-BIRTH05,uploads/img/birthday/BP-BIRTH05.jpg,https://raw.githubusercontent.com/tannht/BloomingPetals/main/download/product17.pdf,product-details/BP-BIRTH05.html,download/product17.pdf,https://i.imgur.com/Iqmwfx1.jpg
18,cat03,Birthday,../all-products.html?#cat03,BP-BIRTH06,Pink flowers basket for birthday,100,Pink flowers basket for birthday - SKU: BP-BIRTH06,uploads/img/birthday/BP-BIRTH06.jpg,https://raw.githubusercontent.com/tannht/BloomingPetals/main/download/product18.pdf,product-details/BP-BIRTH06.html,download/product18.pdf,https://i.imgur.com/EcV5wvI.jpg
19,cat04,Feast Day,../all-products.html?#cat04,BP-FEAST01,Opening congratulation flowers to Vietnam,319,Opening congratulation flowers to Vietnam - SKU: BP-FEAST01,uploads/img/feast-day/BP-FEAST01.jpg,https://raw.githubusercontent.com/tannht/BloomingPetals/main/download/product19.pdf,product-details/BP-FEAST01.html,download/product19.pdf,https://i.imgur.com/utrioAp.jpg
20,cat04,Feast Day,../all-products.html?#cat04,BP-FEAST02,Flowers for opening in Hochiminh city,205,Flowers for opening in Hochiminh city - SKU: BP-FEAST02,uploads/img/feast-day/BP-FEAST02.jpg,https://raw.githubusercontent.com/tannht/BloomingPetals/main/download/product20.pdf,product-details/BP-FEAST02.html,download/product20.pdf,https://i.imgur.com/ujireBm.jpg
21,cat04,Feast Day,../all-products.html?#cat04,BP-FEAST03,Vietnam congratulations flowers online,259,Vietnam congratulations flowers online - SKU: BP-FEAST03,uploads/img/feast-day/BP-FEAST03.jpg,https://raw.githubusercontent.com/tannht/BloomingPetals/main/download/product21.pdf,product-details/BP-FEAST03.html,download/product21.pdf,https://i.imgur.com/kCFSFju.jpg
22,cat04,Feast Day,../all-products.html?#cat04,BP-FEAST04,Congratulation flowers free delivery,255,Congratulation flowers free delivery - SKU: BP-FEAST04,uploads/img/feast-day/BP-FEAST04.jpg,https://raw.githubusercontent.com/tannht/BloomingPetals/main/download/product22.pdf,product-details/BP-FEAST04.html,download/product22.pdf,https://i.imgur.com/LQ5xz9p.jpg
23,cat04,Feast Day,../all-products.html?#cat04,BP-FEAST05,Buy flowers for grand opening to Vietnam,202,Buy flowers for grand opening to Vietnam - SKU: BP-FEAST05,uploads/img/feast-day/BP-FEAST05.jpg,https://raw.githubusercontent.com/tannht/BloomingPetals/main/download/product23.pdf,product-details/BP-FEAST05.html,download/product23.pdf,https://i.imgur.com/UUJFK7z.jpg
24,cat04,Feast Day,../all-products.html?#cat04,BP-FEAST06,Send opening congratulation flowers to Vietnam,147,Send opening congratulation flowers to Vietnam - SKU: BP-FEAST06,uploads/img/feast-day/BP-FEAST06.jpg,https://raw.githubusercontent.com/tannht/BloomingPetals/main/download/product24.pdf,product-details/BP-FEAST06.html,download/product24.pdf,https://i.imgur.com/ClstTWI.jpg
25,cat05,Events,../all-products.html?#cat05,BP-EVENT01,Vietnam Christmas flowers delivery,121,Vietnam Christmas flowers delivery - SKU: BP-EVENT01,uploads/img/events/BP-EVENT01.jpg,https://raw.githubusercontent.com/tannht/BloomingPetals/main/download/product25.pdf,product-details/BP-EVENT01.html,download/product25.pdf,https://i.imgur.com/MXD6hrm.jpg
26,cat05,Events,../all-products.html?#cat05,BP-EVENT02,Heart arrangements for Christmas day in Vietnam,152,Heart arrangements for Christmas day in Vietnam - SKU: BP-EVENT02,uploads/img/events/BP-EVENT02.jpg,https://raw.githubusercontent.com/tannht/BloomingPetals/main/download/product26.pdf,product-details/BP-EVENT02.html,download/product26.pdf,https://i.imgur.com/IDt4dCw.jpg
27,cat05,Events,../all-products.html?#cat05,BP-EVENT03,Christmas flowers vietnam,160,Christmas flowers vietnam - SKU: BP-EVENT03,uploads/img/events/BP-EVENT03.jpg,https://raw.githubusercontent.com/tannht/BloomingPetals/main/download/product27.pdf,product-details/BP-EVENT03.html,download/product27.pdf,https://i.imgur.com/WbYzz38.jpg
28,cat05,Events,../all-products.html?#cat05,BP-EVENT04,Vietnam Xmas flowers delivery same day,167,Vietnam Xmas flowers delivery same day - SKU: BP-EVENT04,uploads/img/events/BP-EVENT04.jpg,https://raw.githubusercontent.com/tannht/BloomingPetals/main/download/product28.pdf,product-details/BP-EVENT04.html,download/product28.pdf,https://i.imgur.com/VropeEx.jpg
29,cat05,Events,../all-products.html?#cat05,BP-EVENT05,Christmas flowers in vase delivery vietnam,230,Christmas flowers in vase delivery vietnam - SKU: BP-EVENT05,uploads/img/events/BP-EVENT05.jpg,https://raw.githubusercontent.com/tannht/BloomingPetals/main/download/product29.pdf,product-details/BP-EVENT05.html,download/product29.pdf,https://i.imgur.com/1vi02Eq.jpg
30,cat05,Events,../all-products.html?#cat05,BP-EVENT06,Vietnam congratulation flowers stand delivery,227,Vietnam congratulation flowers stand delivery - SKU: BP-EVENT06,uploads/img/events/BP-EVENT06.jpg,https://raw.githubusercontent.com/tannht/BloomingPetals/main/download/product30.pdf,product-details/BP-EVENT06.html,download/product30.pdf,https://i.imgur.com/kVRmrso.jpg
31,cat06,VIP Flowers,../all-products.html?#cat06,BP-VIPFL01,Vietnam luxury flowers for delivery,595,Vietnam luxury flowers for delivery - SKU: BP-VIPFL01,uploads/img/vip-flowers/BP-VIPFL01.jpg,https://raw.githubusercontent.com/tannht/BloomingPetals/main/download/product31.pdf,product-details/BP-VIPFL01.html,download/product31.pdf,https://i.imgur.com/aFQr5UG.jpg
32,cat06,VIP Flowers,../all-products.html?#cat06,BP-VIPFL02,Big heart by roses in Vietnam Flower Shop,733,Big heart by roses in Vietnam Flower Shop - SKU: BP-VIPFL02,uploads/img/vip-flowers/BP-VIPFL02.jpg,https://raw.githubusercontent.com/tannht/BloomingPetals/main/download/product32.pdf,product-details/BP-VIPFL02.html,download/product32.pdf,https://i.imgur.com/x7tSJsB.jpg
33,cat06,VIP Flowers,../all-products.html?#cat06,BP-VIPFL03,The best flowers shop in Vietnam,666,The best flowers shop in Vietnam - SKU: BP-VIPFL03,uploads/img/vip-flowers/BP-VIPFL03.jpg,https://raw.githubusercontent.com/tannht/BloomingPetals/main/download/product33.pdf,product-details/BP-VIPFL03.html,download/product33.pdf,https://i.imgur.com/k5lU7mE.jpg
34,cat06,VIP Flowers,../all-products.html?#cat06,BP-VIPFL04,Send flowers basket to Vietnam online,225,Send flowers basket to Vietnam online - SKU: BP-VIPFL04,uploads/img/vip-flowers/BP-VIPFL04.jpg,https://raw.githubusercontent.com/tannht/BloomingPetals/main/download/product34.pdf,product-details/BP-VIPFL04.html,download/product34.pdf,https://i.imgur.com/TsAYLdo.jpg
35,cat06,VIP Flowers,../all-products.html?#cat06,BP-VIPFL05,Flowers delivery to 63 provinces Vietnam,289,Flowers delivery to 63 provinces Vietnam - SKU: BP-VIPFL05,uploads/img/vip-flowers/BP-VIPFL05.jpg,https://raw.githubusercontent.com/tannht/BloomingPetals/main/download/product35.pdf,product-details/BP-VIPFL05.html,download/product35.pdf,https://i.imgur.com/GJmmQcU.jpg
36,cat06,VIP Flowers,../all-products.html?#cat06,BP-VIPFL06,Vietnam flower delivery services,335,Vietnam flower delivery services - SKU: BP-VIPFL06,uploads/img/vip-flowers/BP-VIPFL06.jpg,https://raw.githubusercontent.com/tannht/BloomingPetals/main/download/product36.pdf,product-details/BP-VIPFL06.html,download/product36.pdf,https://i.imgur.com/Rkxs1lO.jpg
37,cat07,99 Rose,../all-products.html?#cat07,BP-99ROS01,99 Red Roses Delivery in Vietnam,271,99 Red Roses Delivery in Vietnam - SKU: BP-99ROS01,uploads/img/roses99/BP-99ROS01.jpg,https://raw.githubusercontent.com/tannht/BloomingPetals/main/download/product37.pdf,product-details/BP-99ROS01.html,download/product37.pdf,https://i.imgur.com/JFMPTqt.jpg
38,cat07,99 Rose,../all-products.html?#cat07,BP-99ROS02,99 red roses heart in Hochiminh Vietnam,298,99 red roses heart in Hochiminh Vietnam - SKU: BP-99ROS02,uploads/img/roses99/BP-99ROS02.jpg,https://raw.githubusercontent.com/tannht/BloomingPetals/main/download/product38.pdf,product-details/BP-99ROS02.html,download/product38.pdf,https://i.imgur.com/AIbdms6.jpg
39,cat07,99 Rose,../all-products.html?#cat07,BP-99ROS03,Buy 99 red roses Online in Vietnam,252,Buy 99 red roses Online in Vietnam - SKU: BP-99ROS03,uploads/img/roses99/BP-99ROS03.jpg,https://raw.githubusercontent.com/tannht/BloomingPetals/main/download/product39.pdf,product-details/BP-99ROS03.html,download/product39.pdf,https://i.imgur.com/mK4bz91.jpg
40,cat07,99 Rose,../all-products.html?#cat07,BP-99ROS04,99 red roses arrangement delivery in Vietnam,275,99 red roses arrangement delivery in Vietnam - SKU: BP-99ROS04,uploads/img/roses99/BP-99ROS04.jpg,https://raw.githubusercontent.com/tannht/BloomingPetals/main/download/product40.pdf,product-details/BP-99ROS04.html,download/product40.pdf,https://i.imgur.com/6RsgKaF.jpg
41,cat07,99 Rose,../all-products.html?#cat07,BP-99ROS05,99 red roses bouquet free delivery to Vietnam,251,99 red roses bouquet free delivery to Vietnam - SKU: BP-99ROS05,uploads/img/roses99/BP-99ROS05.jpg,https://raw.githubusercontent.com/tannht/BloomingPetals/main/download/product41.pdf,product-details/BP-99ROS05.html,download/product41.pdf,https://i.imgur.com/hsYaN93.jpg
42,cat07,99 Rose,../all-products.html?#cat07,BP-99ROS06,Send bouquet of 99 pink roses to Vietnam,249,Send bouquet of 99 pink roses to Vietnam - SKU: BP-99ROS06,uploads/img/roses99/BP-99ROS06.jpg,https://raw.githubusercontent.com/tannht/BloomingPetals/main/download/product42.pdf,product-details/BP-99ROS06.html,download/product42.pdf,https://i.imgur.com/WOZCbv7.jpg
43,cat08,Love Flowers,../all-products.html?#cat08,BP-LOVE01,Send love flowers online to Vietnam,98,Send love flowers online to Vietnam - SKU: BP-LOVE01,uploads/img/loveflowers/BP-LOVE01.jpg,https://raw.githubusercontent.com/tannht/BloomingPetals/main/download/product43.pdf,product-details/BP-LOVE01.html,download/product43.pdf,https://i.imgur.com/jo0Mvqi.jpg
44,cat08,Love Flowers,../all-products.html?#cat08,BP-LOVE02,Love flowers free deliver to Vietnam,114,Love flowers free deliver to Vietnam - SKU: BP-LOVE02,uploads/img/loveflowers/BP-LOVE02.jpg,https://raw.githubusercontent.com/tannht/BloomingPetals/main/download/product44.pdf,product-details/BP-LOVE02.html,download/product44.pdf,https://i.imgur.com/bArQIqA.jpg
45,cat08,Love Flowers,../all-products.html?#cat08,BP-LOVE03,Yellow roses delivery in Vietnam,179,Yellow roses delivery in Vietnam - SKU: BP-LOVE03,uploads/img/loveflowers/BP-LOVE03.jpg,https://raw.githubusercontent.com/tannht/BloomingPetals/main/download/product45.pdf,product-details/BP-LOVE03.html,download/product45.pdf,https://i.imgur.com/Xb9N6Gp.jpg
46,cat08,Love Flowers,../all-products.html?#cat08,BP-LOVE04,Love flowers free shipping in Vietnam,101,Love flowers free shipping in Vietnam - SKU: BP-LOVE04,uploads/img/loveflowers/BP-LOVE04.jpg,https://raw.githubusercontent.com/tannht/BloomingPetals/main/download/product46.pdf,product-details/BP-LOVE04.html,download/product46.pdf,https://i.imgur.com/oU2wjcA.jpg
47,cat08,Love Flowers,../all-products.html?#cat08,BP-LOVE05,Pink roses bouquet same day delivery,174,Pink roses bouquet same day delivery - SKU: BP-LOVE05,uploads/img/loveflowers/BP-LOVE05.jpg,https://raw.githubusercontent.com/tannht/BloomingPetals/main/download/product47.pdf,product-details/BP-LOVE05.html,download/product47.pdf,https://i.imgur.com/UUpVJOt.jpg
48,cat08,Love Flowers,../all-products.html?#cat08,BP-LOVE06,Vietnam love flowers with heart,204,Vietnam love flowers with heart - SKU: BP-LOVE06,uploads/img/loveflowers/BP-LOVE06.jpg,https://raw.githubusercontent.com/tannht/BloomingPetals/main/download/product48.pdf,product-details/BP-LOVE06.html,download/product48.pdf,https://i.imgur.com/nL9E7uj.jpg
49,cat09,Basket Arrangements,../all-products.html?#cat09,BP-BARMT01,Roses basket delivery to Vietnam,103,Roses basket delivery to Vietnam - SKU: BP-BARMT01,uploads/img/basket-arrangements/BP-BARMT01.jpg,https://raw.githubusercontent.com/tannht/BloomingPetals/main/download/product49.pdf,product-details/BP-BARMT01.html,download/product49.pdf,https://i.imgur.com/9YhxtPl.jpg
50,cat09,Basket Arrangements,../all-products.html?#cat09,BP-BARMT02,Orange roses arrangement beautiful,102,Orange roses arrangement beautiful - SKU: BP-BARMT02,uploads/img/basket-arrangements/BP-BARMT02.jpg,https://raw.githubusercontent.com/tannht/BloomingPetals/main/download/product50.pdf,product-details/BP-BARMT02.html,download/product50.pdf,https://i.imgur.com/boCCct6.jpg
51,cat09,Basket Arrangements,../all-products.html?#cat09,BP-BARMT03,New home flowers in Vietnam,107,New home flowers in Vietnam - SKU: BP-BARMT03,uploads/img/basket-arrangements/BP-BARMT03.jpg,https://raw.githubusercontent.com/tannht/BloomingPetals/main/download/product51.pdf,product-details/BP-BARMT03.html,download/product51.pdf,https://i.imgur.com/Ar9Idbg.jpg
52,cat09,Basket Arrangements,../all-products.html?#cat09,BP-BARMT04,Mixed flower arrangement delivery in Vietnam,96,Mixed flower arrangement delivery in Vietnam - SKU: BP-BARMT04,uploads/img/basket-arrangements/BP-BARMT04.jpg,https://raw.githubusercontent.com/tannht/BloomingPetals/main/download/product52.pdf,product-details/BP-BARMT04.html,download/product52.pdf,https://i.imgur.com/ASu8LcS.jpg
53,cat09,Basket Arrangements,../all-products.html?#cat09,BP-BARMT05,Flowers wonderful vietnam delivery,109,Flowers wonderful vietnam delivery - SKU: BP-BARMT05,uploads/img/basket-arrangements/BP-BARMT05.jpg,https://raw.githubusercontent.com/tannht/BloomingPetals/main/download/product53.pdf,product-details/BP-BARMT05.html,download/product53.pdf,https://i.imgur.com/uIFDgZs.jpg
54,cat09,Basket Arrangements,../all-products.html?#cat09,BP-BARMT06,Lovely flower arrangement delivery Vietnam,91,Lovely flower arrangement delivery Vietnam - SKU: BP-BARMT06,uploads/img/basket-arrangements/BP-BARMT06.jpg,https://raw.githubusercontent.com/tannht/BloomingPetals/main/download/product54.pdf,product-details/BP-BARMT06.html,download/product54.pdf,https://i.imgur.com/v2qua2S.jpg
55,cat10,Bouquet,../all-products.html?#cat10,BP-BOUQU01,Vietnam Bouquet flowers with red roses,105,Vietnam Bouquet flowers with red roses - SKU: BP-BOUQU01,uploads/img/bouquet/BP-BOUQU01.jpg,https://raw.githubusercontent.com/tannht/BloomingPetals/main/download/product55.pdf,product-details/BP-BOUQU01.html,download/product55.pdf,https://i.imgur.com/OKezVq0.jpg
56,cat10,Bouquet,../all-products.html?#cat10,BP-BOUQU02,Bouquet of red roses for happiness day,133,Bouquet of red roses for happiness day - SKU: BP-BOUQU02,uploads/img/bouquet/BP-BOUQU02.jpg,https://raw.githubusercontent.com/tannht/BloomingPetals/main/download/product56.pdf,product-details/BP-BOUQU02.html,download/product56.pdf,https://i.imgur.com/56CnJ4L.jpg
57,cat10,Bouquet,../all-products.html?#cat10,BP-BOUQU03,Vietnam Flower of pink lilies order online,103,Vietnam Flower of pink lilies order online - SKU: BP-BOUQU03,uploads/img/bouquet/BP-BOUQU03.jpg,https://raw.githubusercontent.com/tannht/BloomingPetals/main/download/product57.pdf,product-details/BP-BOUQU03.html,download/product57.pdf,https://i.imgur.com/TCzN2Zi.jpg
58,cat10,Bouquet,../all-products.html?#cat10,BP-BOUQU04,Vietnam bouquet beautiful mixed flower,102,Vietnam bouquet beautiful mixed flower - SKU: BP-BOUQU04,uploads/img/bouquet/BP-BOUQU04.jpg,https://raw.githubusercontent.com/tannht/BloomingPetals/main/download/product58.pdf,product-details/BP-BOUQU04.html,download/product58.pdf,https://i.imgur.com/RLtuXDb.jpg
59,cat10,Bouquet,../all-products.html?#cat10,BP-BOUQU05,Classic bouquet for my love in Vietnam,128,Classic bouquet for my love in Vietnam - SKU: BP-BOUQU05,uploads/img/bouquet/BP-BOUQU05.jpg,https://raw.githubusercontent.com/tannht/BloomingPetals/main/download/product59.pdf,product-details/BP-BOUQU05.html,download/product59.pdf,https://i.imgur.com/584E3NL.jpg
60,cat10,Bouquet,../all-products.html?#cat10,BP-BOUQU06,Bouquet flowers of mixed roses in Vietnam,131,Bouquet flowers of mixed roses in Vietnam - SKU: BP-BOUQU06,uploads/img/bouquet/BP-BOUQU06.jpg,https://raw.githubusercontent.com/tannht/BloomingPetals/main/download/product60.pdf,product-details/BP-BOUQU06.html,download/product60.pdf,https://i.imgur.com/UlPeuf5.jpg
61,cat11,Rose,../all-products.html?#cat11,BP-ROSE001,99 red roses with baby breathes,460,99 red roses with baby breathes - SKU: BP-ROSE001,uploads/img/rose/BP-ROSE001.jpg,https://raw.githubusercontent.com/tannht/BloomingPetals/main/download/product61.pdf,product-details/BP-ROSE001.html,download/product61.pdf,https://i.imgur.com/81Tb3zJ.jpg
62,cat11,Rose,../all-products.html?#cat11,BP-ROSE002,Roses basket delivery to Vietnam,103,Roses basket delivery to Vietnam - SKU: BP-ROSE002,uploads/img/rose/BP-ROSE002.jpg,https://raw.githubusercontent.com/tannht/BloomingPetals/main/download/product62.pdf,product-details/BP-ROSE002.html,download/product62.pdf,https://i.imgur.com/eKJpzmh.jpg
63,cat11,Rose,../all-products.html?#cat11,BP-ROSE003,Orange roses arrangement beautiful,103,Orange roses arrangement beautiful - SKU: BP-ROSE003,uploads/img/rose/BP-ROSE003.jpg,https://raw.githubusercontent.com/tannht/BloomingPetals/main/download/product63.pdf,product-details/BP-ROSE003.html,download/product63.pdf,https://i.imgur.com/dYNXsUb.jpg
64,cat11,Rose,../all-products.html?#cat11,BP-ROSE004,Lovely flower arrangement delivery Vietnam,91,Lovely flower arrangement delivery Vietnam - SKU: BP-ROSE004,uploads/img/rose/BP-ROSE004.jpg,https://raw.githubusercontent.com/tannht/BloomingPetals/main/download/product64.pdf,product-details/BP-ROSE004.html,download/product64.pdf,https://i.imgur.com/YW6pzXd.jpg
65,cat11,Rose,../all-products.html?#cat11,BP-ROSE005,Vietnam Beautiful pink roses flowers arrangement,155,Vietnam Beautiful pink roses flowers arrangement - SKU: BP-ROSE005,uploads/img/rose/BP-ROSE005.jpg,https://raw.githubusercontent.com/tannht/BloomingPetals/main/download/product65.pdf,product-details/BP-ROSE005.html,download/product65.pdf,https://i.imgur.com/0nDN5yi.jpg
66,cat11,Rose,../all-products.html?#cat11,BP-ROSE006,Romantic roses to girlfriend in Vietnam,207,Romantic roses to girlfriend in Vietnam - SKU: BP-ROSE006,uploads/img/rose/BP-ROSE006.jpg,https://raw.githubusercontent.com/tannht/BloomingPetals/main/download/product66.pdf,product-details/BP-ROSE006.html,download/product66.pdf,https://i.imgur.com/WalhZEf.jpg
67,cat12,Lily,../all-products.html?#cat12,BP-LILY001,White flowers for happiness day,107,White flowers for happiness day - SKU: BP-LILY001,uploads/img/lily/BP-LILY001.jpg,https://raw.githubusercontent.com/tannht/BloomingPetals/main/download/product67.pdf,product-details/BP-LILY001.html,download/product67.pdf,https://imgur.com/fpRkytL
68,cat12,Lily,../all-products.html?#cat12,BP-LILY002,Pink lily flower basket beautiful,132,Pink lily flower basket beautiful - SKU: BP-LILY002,uploads/img/lily/BP-LILY002.jpg,https://raw.githubusercontent.com/tannht/BloomingPetals/main/download/product68.pdf,product-details/BP-LILY002.html,download/product68.pdf,https://i.imgur.com/EEhnoKi.jpg
69,cat12,Lily,../all-products.html?#cat12,BP-LILY003,Birthday flowers for deliver to Hochiminh City,103,Birthday flowers for deliver to Hochiminh City - SKU: BP-LILY003,uploads/img/lily/BP-LILY003.jpg,https://raw.githubusercontent.com/tannht/BloomingPetals/main/download/product69.pdf,product-details/BP-LILY003.html,download/product69.pdf,https://i.imgur.com/SNvdyyH.jpg
70,cat12,Lily,../all-products.html?#cat12,BP-LILY004,Vietnam Flower of pink lilies order online,103,Vietnam Flower of pink lilies order online - SKU: BP-LILY004,uploads/img/lily/BP-LILY004.jpg,https://raw.githubusercontent.com/tannht/BloomingPetals/main/download/product70.pdf,product-details/BP-LILY004.html,download/product70.pdf,https://i.imgur.com/YmHcTdB.jpg
71,cat12,Lily,../all-products.html?#cat12,BP-LILY005,White flower beautiful delivery same day,115,White flower beautiful delivery same day - SKU: BP-LILY005,uploads/img/lily/BP-LILY005.jpg,https://raw.githubusercontent.com/tannht/BloomingPetals/main/download/product71.pdf,product-details/BP-LILY005.html,download/product71.pdf,https://i.imgur.com/Gh8B49O.jpg
72,cat12,Lily,../all-products.html?#cat12,BP-LILY006,Mixed Flower bouquet delivery Hochiminh,96,Mixed Flower bouquet delivery Hochiminh - SKU: BP-LILY006,uploads/img/lily/BP-LILY006.jpg,https://raw.githubusercontent.com/tannht/BloomingPetals/main/download/product72.pdf,product-details/BP-LILY006.html,download/product72.pdf,https://i.imgur.com/lUp0BkT.jpg
73,cat13,Sunflowers,../all-products.html?#cat13,BP-SUNFL01,New home flowers in Vietnam,108,New home flowers in Vietnam - SKU: BP-SUNFL01,uploads/img/sunflower/BP-SUNFL01.jpg,https://raw.githubusercontent.com/tannht/BloomingPetals/main/download/product73.pdf,product-details/BP-SUNFL01.html,download/product73.pdf,https://i.imgur.com/viAERHe.jpg
74,cat13,Sunflowers,../all-products.html?#cat13,BP-SUNFL02,Sunshine flowers same day delivery,95,Sunshine flowers same day delivery - SKU: BP-SUNFL02,uploads/img/sunflower/BP-SUNFL02.jpg,https://raw.githubusercontent.com/tannht/BloomingPetals/main/download/product74.pdf,product-details/BP-SUNFL02.html,download/product74.pdf,https://i.imgur.com/3OrTP0V.jpg
75,cat13,Sunflowers,../all-products.html?#cat13,BP-SUNFL03,Send sunflower basket to birthday in Vietnam,100,Send sunflower basket to birthday in Vietnam - SKU: BP-SUNFL03,uploads/img/sunflower/BP-SUNFL03.jpg,https://raw.githubusercontent.com/tannht/BloomingPetals/main/download/product75.pdf,product-details/BP-SUNFL03.html,download/product75.pdf,https://i.imgur.com/snm7y3A.jpg
76,cat13,Sunflowers,../all-products.html?#cat13,BP-SUNFL04,Sunflower bouquet for sending to Vietnam,99,Sunflower bouquet for sending to Vietnam - SKU: BP-SUNFL04,uploads/img/sunflower/BP-SUNFL04.jpg,https://raw.githubusercontent.com/tannht/BloomingPetals/main/download/product76.pdf,product-details/BP-SUNFL04.html,download/product76.pdf,https://i.imgur.com/wKcTWP9.jpg
77,cat13,Sunflowers,../all-products.html?#cat13,BP-SUNFL05,Cheerfully sunflowers delivery in Vietnam,116,Cheerfully sunflowers delivery in Vietnam - SKU: BP-SUNFL05,uploads/img/sunflower/BP-SUNFL05.jpg,https://raw.githubusercontent.com/tannht/BloomingPetals/main/download/product77.pdf,product-details/BP-SUNFL05.html,download/product77.pdf,https://i.imgur.com/14twhQ4.jpg
78,cat13,Sunflowers,../all-products.html?#cat13,BP-SUNFL06,Sunflowers beautiful delivery to girlfriend,80,Sunflowers beautiful delivery to girlfriend - SKU: BP-SUNFL06,uploads/img/sunflower/BP-SUNFL06.jpg,https://raw.githubusercontent.com/tannht/BloomingPetals/main/download/product78.pdf,product-details/BP-SUNFL06.html,download/product78.pdf,https://i.imgur.com/gTyqUfl.jpg
79,cat14,Orchid Kinds,../all-products.html?#cat14,BP-ORCHI01,Cymbidium orchids FREE delivery same day,100,Cymbidium orchids FREE delivery same day - SKU: BP-ORCHI01,uploads/img/orchid-kinds/BP-ORCHI01.jpg,https://raw.githubusercontent.com/tannht/BloomingPetals/main/download/product79.pdf,product-details/BP-ORCHI01.html,download/product79.pdf,https://i.imgur.com/UvAMO7j.jpg
80,cat14,Orchid Kinds,../all-products.html?#cat14,BP-ORCHI02,Beautiful Flowers for birthday to mother,97,Beautiful Flowers for birthday to mother - SKU: BP-ORCHI02,uploads/img/orchid-kinds/BP-ORCHI02.jpg,https://raw.githubusercontent.com/tannht/BloomingPetals/main/download/product80.pdf,product-details/BP-ORCHI02.html,download/product80.pdf,https://i.imgur.com/dmZef8m.jpg
81,cat14,Orchid Kinds,../all-products.html?#cat14,BP-ORCHI03,Phalaenopsis orchid bouquet in VN flower shop,105,Phalaenopsis orchid bouquet in VN flower shop - SKU: BP-ORCHI03,uploads/img/orchid-kinds/BP-ORCHI03.jpg,https://raw.githubusercontent.com/tannht/BloomingPetals/main/download/product81.pdf,product-details/BP-ORCHI03.html,download/product81.pdf,https://i.imgur.com/BKU6QHH.jpg
82,cat14,Orchid Kinds,../all-products.html?#cat14,BP-ORCHI04,Birthday flowers for mom in Vietnam,107,Birthday flowers for mom in Vietnam - SKU: BP-ORCHI04,uploads/img/orchid-kinds/BP-ORCHI04.jpg,https://raw.githubusercontent.com/tannht/BloomingPetals/main/download/product82.pdf,product-details/BP-ORCHI04.html,download/product82.pdf,https://i.imgur.com/MPjuVNT.jpg
83,cat14,Orchid Kinds,../all-products.html?#cat14,BP-ORCHI05,Bouquet flower arrangements for birthday daddy,89,Bouquet flower arrangements for birthday daddy - SKU: BP-ORCHI05,uploads/img/orchid-kinds/BP-ORCHI05.jpg,https://raw.githubusercontent.com/tannht/BloomingPetals/main/download/product83.pdf,product-details/BP-ORCHI05.html,download/product83.pdf,https://i.imgur.com/2vC5T01.jpg
84,cat14,Orchid Kinds,../all-products.html?#cat14,BP-ORCHI06,Vietnam Yellow orchids flower to female boss,114,Vietnam Yellow orchids flower to female boss - SKU: BP-ORCHI06,uploads/img/orchid-kinds/BP-ORCHI06.jpg,https://raw.githubusercontent.com/tannht/BloomingPetals/main/download/product84.pdf,product-details/BP-ORCHI06.html,download/product84.pdf,https://i.imgur.com/bvmhEHT.jpg
85,cat15,Phalaenopsis orchids,../all-products.html?#cat15,BP-PHORC01,VIETNAM PHALAENOPSIS ORDER ONLINE,245,VIETNAM PHALAENOPSIS ORDER ONLINE - SKU: BP-PHORC01,uploads/img/phalaenopsis-orchids/BP-PHORC01.jpg,https://raw.githubusercontent.com/tannht/BloomingPetals/main/download/product85.pdf,product-details/BP-PHORC01.html,download/product85.pdf,https://i.imgur.com/PTWDhRW.jpg
86,cat15,Phalaenopsis orchids,../all-products.html?#cat15,BP-PHORC02,SEND PHALAENOPSIS TO HOCHIMINH CITY VIETNAM,457,SEND PHALAENOPSIS TO HOCHIMINH CITY VIETNAM - SKU: BP-PHORC02,uploads/img/phalaenopsis-orchids/BP-PHORC02.jpg,https://raw.githubusercontent.com/tannht/BloomingPetals/main/download/product86.pdf,product-details/BP-PHORC02.html,download/product86.pdf,https://i.imgur.com/BjO1kfu.jpg
87,cat15,Phalaenopsis orchids,../all-products.html?#cat15,BP-PHORC03,YELLOW PHALAENOPSIS DELIVERY IN VIETNAM,365,YELLOW PHALAENOPSIS DELIVERY IN VIETNAM - SKU: BP-PHORC03,uploads/img/phalaenopsis-orchids/BP-PHORC03.jpg,https://raw.githubusercontent.com/tannht/BloomingPetals/main/download/product87.pdf,product-details/BP-PHORC03.html,download/product87.pdf,https://i.imgur.com/l7G7zr2.jpg
88,cat15,Phalaenopsis orchids,../all-products.html?#cat15,BP-PHORC04,Violet phalaenopsis orchid plant delivery same day VN,392,Violet phalaenopsis orchid plant delivery same day VN - SKU: BP-PHORC04,uploads/img/phalaenopsis-orchids/BP-PHORC04.jpg,https://raw.githubusercontent.com/tannht/BloomingPetals/main/download/product88.pdf,product-details/BP-PHORC04.html,download/product88.pdf,https://i.imgur.com/W5nU9I8.jpg
89,cat15,Phalaenopsis orchids,../all-products.html?#cat15,BP-PHORC05,White phalaenopsis orchid Vietnam,477,White phalaenopsis orchid Vietnam - SKU: BP-PHORC05,uploads/img/phalaenopsis-orchids/BP-PHORC05.jpg,https://raw.githubusercontent.com/tannht/BloomingPetals/main/download/product89.pdf,product-details/BP-PHORC05.html,download/product89.pdf,https://i.imgur.com/6NMATQT.jpg
90,cat15,Phalaenopsis orchids,../all-products.html?#cat15,BP-PHORC06,Purple moth orchid plants delivered Vietnam,229,Purple moth orchid plants delivered Vietnam - SKU: BP-PHORC06,uploads/img/phalaenopsis-orchids/BP-PHORC06.jpg,https://raw.githubusercontent.com/tannht/BloomingPetals/main/download/product90.pdf,product-details/BP-PHORC06.html,download/product90.pdf,https://i.imgur.com/SrAkR23.jpg
